Customer_ID,Recency,Frequency,Monetary,Avg_Profit,Avg_Discount,KMeans_Cluster,Hierarchical_Cluster
AA-10315,185,5,596.98,9.9761125,0.07500000000000001,2,0
AA-10375,20,9,406.44,8.569015384615385,0.09230769230769233,0,3
AA-10480,260,4,652.7320000000001,12.813466666666667,0.022222222222222223,2,2
AA-10645,56,6,702.86,9.098558333333335,0.05833333333333333,0,0
AB-10015,1395,2,322.216,3.119625,0.1,1,1
AB-10060,55,8,746.084,18.806307142857143,0.028571428571428574,0,2
AB-10105,42,7,1498.592,10.73077272727273,0.16363636363636364,0,3
AB-10150,42,5,470.748,15.006380000000002,0.1,2,0
AB-10165,26,7,949.878,12.413653846153846,0.13076923076923078,0,0
AB-10255,198,8,242.388,6.861141666666668,0.10000000000000002,3,0
AB-10600,51,3,227.912,6.874,0.13333333333333333,3,0
AC-10420,233,3,193.208,2.798866666666667,0.20000000000000004,3,0
AC-10450,465,3,98.444,7.695325,0.15000000000000002,1,1
AC-10615,7,4,652.02,11.792676923076924,0.04615384615384616,2,2
AC-10660,465,4,513.588,0.7276800000000005,0.18,3,0
AD-10180,30,5,155.282,6.6976,0.06666666666666667,2,0
AF-10870,43,6,540.392,6.13847,0.13,3,0
AF-10885,416,3,159.736,5.7486500000000005,0.15000000000000002,3,1
AG-10270,279,5,495.378,9.850972727272726,0.018181818181818184,2,2
AG-10300,119,4,367.548,11.857679999999998,0.08,2,2
AG-10330,9,4,472.092,19.965914285714284,0.1142857142857143,2,2
AG-10390,115,5,183.89,13.630899999999999,0.06666666666666667,2,2
AG-10495,79,7,690.242,9.630053333333334,0.19333333333333336,3,0
AG-10525,846,3,414.152,12.686171428571429,0.08571428571428573,1,1
AG-10675,98,7,717.632,11.240275000000002,0.13333333333333333,0,0
AG-10765,783,1,10.74,5.1552,0.0,1,1
AG-10900,97,9,2211.251,8.0645625,0.1125,0,3
AH-10030,13,6,505.6,13.402075,0.1,2,0
AH-10075,35,7,1060.58,9.151185714285715,0.07857142857142858,0,3
AH-10120,61,5,703.322,2.7916,0.16,3,0
AH-10195,129,3,355.884,4.15672,0.22000000000000003,3,0
AH-10210,38,6,354.164,12.277542857142858,0.1142857142857143,2,0
AH-10465,231,5,204.624,4.35356,0.12000000000000002,3,0
AH-10585,22,4,738.504,16.7926,0.12000000000000002,2,2
AH-10690,411,9,1157.28,16.38288461538462,0.12307692307692308,0,3
AI-10855,20,8,844.576,15.723553846153845,0.08461538461538462,0,3
AJ-10780,231,3,547.28,13.827844444444445,0.0,2,2
AJ-10795,167,7,1205.384,13.320611764705882,0.0823529411764706,0,3
AJ-10945,86,6,496.85,12.77357142857143,0.05714285714285715,2,0
AJ-10960,75,3,629.2479999999999,12.0853,0.04,2,2
AM-10360,29,4,265.362,9.0034,0.1111111111111111,3,0
AM-10705,163,6,962.9839999999999,13.418414285714286,0.028571428571428574,0,2
AO-10810,502,1,161.28,12.096,0.2,1,1
AP-10720,42,8,1092.356,11.4426375,0.1125,0,3
AP-10915,99,10,908.58,8.599745833333333,0.06666666666666667,0,3
AR-10345,112,3,279.966,7.128399999999999,0.16666666666666666,3,0
AR-10405,195,3,508.004,18.690440000000002,0.08,2,2
AR-10510,15,5,261.582,7.71585,0.13333333333333333,3,0
AR-10540,7,6,221.85,15.294866666666666,0.06666666666666667,2,2
AR-10570,535,1,88.15,16.3165,0.0,2,2
AR-10825,163,6,1397.382,12.004560000000001,0.06,0,3
AS-10045,89,4,304.756,11.589925,0.1,2,0
AS-10090,29,9,568.144,9.334522222222223,0.1,0,3
AS-10135,42,2,58.82,7.2832,0.06666666666666667,2,0
AS-10225,23,5,600.394,7.7901375,0.1,3,0
AS-10240,193,7,492.946,10.53008,0.14,3,0
AS-10285,20,5,533.332,19.4606,0.16666666666666666,2,2
AS-10630,93,6,564.038,6.041663636363637,0.2,3,0
AT-10435,22,4,77.30000000000001,3.5095599999999996,0.04,2,0
AT-10735,14,10,1206.744,15.938226666666667,0.09333333333333334,0,3
AW-10840,21,4,640.592,11.341099999999999,0.1142857142857143,2,0
AW-10930,47,6,563.444,10.643266666666667,0.15555555555555556,3,0
AY-10555,15,4,497.014,10.334990000000001,0.1,2,0
AZ-10750,161,5,537.536,12.751766666666667,0.1111111111111111,2,2
BB-10990,106,5,714.968,8.368442857142858,0.1142857142857143,3,0
BB-11545,29,8,685.878,9.062709090909092,0.1,0,3
BC-11125,203,8,1716.692,11.034813333333334,0.09333333333333334,0,3
BD-11320,34,9,1737.153,13.87285625,0.08125,0,3
BD-11500,36,4,123.456,12.2134,0.05,2,2
BD-11560,279,2,209.58,21.151066666666665,0.0,2,2
BD-11605,98,7,1382.757,13.8236,0.07352941176470588,0,3
BD-11620,70,5,978.442,7.2067499999999995,0.20000000000000004,3,0
BD-11635,10,3,350.246,15.774750000000001,0.07500000000000001,2,2
BD-11725,94,5,556.51,12.7132,0.025,2,2
BD-11770,328,6,658.466,14.126499999999998,0.12000000000000002,0,2
BE-11335,167,3,241.89600000000002,27.411925,0.05,2,2
BE-11410,408,2,91.472,16.3896,0.2,1,1
BE-11455,255,6,670.428,8.28028,0.1,0,0
BF-10975,92,7,278.01800000000003,7.476218181818182,0.10909090909090911,3,0
BF-11005,40,3,346.48400000000004,6.771528571428571,0.05714285714285715,2,0
BF-11020,75,7,1195.204,4.75472,0.19333333333333336,0,0
BF-11080,26,3,272.95,18.487866666666665,0.0,2,2
BF-11170,17,9,1428.388,12.22821052631579,0.10526315789473684,0,3
BF-11215,66,3,389.032,24.69872,0.08,2,2
BF-11275,58,3,477.6379999999999,20.4116,0.13333333333333333,2,2
BG-11035,29,6,474.916,4.761688888888888,0.15555555555555556,3,0
BG-11695,37,4,188.696,8.27515,0.06666666666666667,2,0
BG-11740,58,6,1006.356,17.0497,0.14285714285714285,0,0
BH-11710,24,6,498.295,8.5443,0.11538461538461539,3,0
BK-11260,78,6,414.796,8.420233333333334,0.05000000000000001,2,0
BM-11140,392,3,1078.92,12.497672727272727,0.09090909090909091,2,1
BM-11575,101,4,356.546,13.896650000000001,0.06666666666666667,2,2
BM-11650,34,9,1085.474,11.425594117647059,0.061764705882352944,0,3
BM-11785,219,7,407.938,1.45733,0.17,3,0
BN-11470,25,4,265.296,6.1021833333333335,0.16666666666666666,3,0
BN-11515,10,5,1216.444,16.891525,0.025,0,2
BO-11350,138,5,625.82,12.865375,0.125,2,2
BO-11425,843,1,6.08,2.0672,0.0,1,1
BP-11050,84,3,98.3,6.67115,0.05,2,0
BP-11095,18,9,1000.3820000000001,10.159333333333333,0.10666666666666667,0,3
BP-11155,90,5,426.936,16.881700000000002,0.025,2,2
BP-11185,2,9,884.665,7.056407142857142,0.15714285714285717,0,3
BP-11230,40,4,158.52,11.6946,0.0,2,2
BP-11290,13,5,1073.72,6.87689,0.2,3,0
BS-11365,559,4,514.62,10.380285714285716,0.0,2,2
BS-11380,29,4,703.14,2.969871428571429,0.17142857142857146,3,0
BS-11590,470,2,41.79,7.22775,0.0,2,2
BS-11665,775,2,766.804,11.677816666666667,0.06666666666666667,1,1
BS-11755,2,6,1563.836,18.1277,0.07916666666666668,0,3
BS-11800,266,2,131.56,8.71748,0.0,2,2
BT-11305,337,4,314.826,10.37734,0.04,2,2
BT-11395,303,5,817.3040000000001,9.247128571428572,0.1142857142857143,3,0
BT-11440,561,3,178.014,13.09444,0.04,1,1
BT-11485,660,2,59.236,11.8205,0.1,1,1
BT-11530,92,4,462.412,14.595983333333331,0.10000000000000002,2,0
BT-11680,21,6,1000.062,17.91280625,0.0625,0,2
BV-11245,335,5,370.638,13.167170000000002,0.04,2,2
BW-11065,873,2,60.772,9.42005,0.1,1,1
BW-11110,122,6,1057.036,21.270138461538462,0.06153846153846154,0,2
BW-11200,204,4,201.26999999999998,9.840349999999999,0.06666666666666667,2,2
CA-11965,97,4,211.41400000000002,10.865316666666667,0.06666666666666667,2,2
CA-12055,402,4,399.344,6.035939999999999,0.2,3,0
CA-12265,57,4,311.054,8.67398888888889,0.044444444444444446,2,0
CA-12310,14,4,580.654,3.0315333333333334,0.14444444444444446,3,0
CA-12775,233,5,376.672,12.086780000000001,0.08,2,0
CB-12025,48,9,954.406,11.720664705882355,0.11470588235294119,0,3
CB-12415,27,5,321.642,15.2019,0.10000000000000002,2,0
CB-12535,198,8,530.346,11.951683333333333,0.05000000000000001,0,2
CC-12100,458,6,1128.642,15.06473,0.12000000000000002,0,1
CC-12145,107,6,324.314,10.492844444444446,0.07777777777777778,2,0
CC-12220,21,10,1470.246,15.210829411764704,0.10588235294117647,0,3
CC-12370,44,4,733.8340000000001,6.869133333333333,0.16666666666666666,3,0
CC-12430,55,7,587.1279999999999,10.651774999999999,0.05000000000000001,0,0
CC-12475,40,7,294.412,7.432666666666667,0.08888888888888889,3,0
CC-12550,28,3,113.832,8.467649999999999,0.15000000000000002,3,0
CC-12610,35,5,633.832,10.7691,0.17142857142857146,3,0
CC-12670,30,6,1346.99,10.0122,0.11666666666666668,0,3
CC-12685,800,3,437.76599999999996,26.01901666666667,0.06666666666666667,1,2
CD-11920,41,5,773.998,12.3836,0.05,2,2
CD-11980,288,2,52.599999999999994,6.13255,0.2,3,0
CD-12280,43,2,630.916,15.161244444444444,0.05555555555555555,2,2
CD-12790,400,5,269.006,8.001258333333334,0.016666666666666666,2,2
CG-12040,50,6,874.75,13.537975,0.125,0,0
CG-12520,339,3,285.464,15.200000000000001,0.13333333333333333,2,1
CH-12070,920,1,109.36,-3.3606000000000007,0.2,1,1
CJ-11875,366,1,16.52,1.652,0.2,3,0
CJ-12010,190,7,736.934,11.247390909090909,0.10909090909090911,0,0
CK-12205,40,12,1279.826,6.61534,0.16400000000000003,0,3
CK-12325,121,4,444.28599999999994,12.530675,0.1,2,0
CK-12595,47,9,803.794,12.1535625,0.0625,0,3
CK-12760,413,7,794.2719999999999,16.632554545454546,0.03636363636363637,0,2
CL-11890,107,3,113.042,9.368375,0.05,2,0
CL-12565,289,9,1342.872,12.136988235294117,0.11764705882352941,0,3
CL-12700,106,4,63.752,5.098,0.1,3,0
CM-11815,132,6,829.34,15.714324999999999,0.125,0,2
CM-11935,709,2,114.256,7.979333333333333,0.20000000000000004,1,1
CM-12115,90,3,509.08000000000004,18.08242,0.04,2,2
CM-12160,71,4,194.46,3.1639,0.1,3,0
CM-12190,9,5,684.252,6.1349,0.04,2,0
CM-12235,386,4,115.888,7.5386,0.04,2,1
CM-12385,38,4,570.334,6.276942857142857,0.05714285714285715,2,0
CM-12445,437,3,287.99,7.158844444444444,0.07777777777777778,1,1
CM-12655,413,4,236.434,17.056279999999997,0.04,2,2
CM-12715,1036,3,780.142,7.571366666666667,0.13333333333333333,1,1
CP-12085,83,6,443.952,11.1765,0.125,3,0
CP-12340,161,6,427.44399999999996,4.894914285714286,0.08571428571428573,3,0
CR-12580,402,3,45.542,4.850466666666667,0.13333333333333333,3,1
CR-12625,471,3,186.7,20.297133333333335,0.0,2,2
CR-12730,496,3,692.3320000000001,14.050000000000002,0.225,1,1
CR-12820,86,3,464.13640000000004,0.7799750000000003,0.13,3,0
CS-11845,92,3,129.458,5.59105,0.1,3,0
CS-11860,163,4,55.928000000000004,3.7337000000000002,0.12000000000000002,3,0
CS-11950,26,7,1039.9180000000001,4.833553846153846,0.08461538461538462,0,3
CS-12130,490,4,773.6800000000001,15.095516666666668,0.13333333333333333,1,1
CS-12175,233,3,640.148,3.4959166666666666,0.10000000000000002,3,0
CS-12250,27,12,1294.936,13.205239999999998,0.064,0,3
CS-12355,44,10,1109.51,10.275188235294118,0.09411764705882353,0,3
CS-12400,3,5,619.256,5.898949999999999,0.10000000000000002,3,0
CS-12460,28,2,262.674,15.701479999999998,0.08,2,2
CS-12490,425,3,279.748,-0.5958285714285714,0.2,3,0
CS-12505,59,5,337.48199999999997,14.650083333333335,0.06666666666666667,2,2
CT-11995,97,5,389.252,7.905422222222222,0.06666666666666668,2,0
CV-12295,255,4,593.168,17.4034875,0.05,2,2
CV-12805,6,9,1212.896,15.283507142857143,0.12142857142857144,0,3
CW-11905,422,4,244.332,6.7811111111111115,0.1111111111111111,3,1
CY-12745,61,5,196.122,10.619366666666666,0.10000000000000002,2,0
Co-12640,550,5,236.82399999999998,5.558479999999999,0.12000000000000002,1,1
DA-13450,353,4,156.76,7.0988,0.125,3,1
DB-12910,22,5,339.20500000000004,14.404057142857143,0.049999999999999996,2,2
DB-12970,242,4,895.9652,10.356190909090909,0.16545454545454547,3,0
DB-13060,17,4,842.368,12.8251,0.1142857142857143,2,2
DB-13120,49,6,530.3340000000001,10.968963636363636,0.07272727272727274,2,0
DB-13210,10,9,980.09,6.1196625,0.13125,0,3
DB-13270,54,6,716.748,16.911228571428573,0.08571428571428573,0,2
DB-13360,265,3,194.23,25.5992,0.13333333333333333,2,2
DB-13405,289,3,737.382,16.402333333333335,0.03333333333333333,2,2
DB-13555,108,5,288.014,13.667825,0.07500000000000001,2,2
DB-13615,34,6,288.966,11.2013,0.15000000000000002,3,0
DB-13660,13,5,182.35799999999998,12.269016666666667,0.06666666666666667,2,2
DC-12850,38,8,917.916,8.337435714285714,0.15714285714285717,0,3
DC-13285,24,4,576.266,15.264240000000001,0.03,2,2
DD-13570,42,5,257.096,8.165914285714285,0.08571428571428573,2,0
DE-13255,720,5,195.60399999999998,8.675957142857143,0.14285714285714285,1,1
DF-13135,1184,1,110.098,18.93855,0.1,1,1
DG-13300,33,4,182.24,17.456,0.05,2,2
DH-13075,278,5,778.974,7.974018749999999,0.037500000000000006,2,2
DH-13675,777,4,1043.096,10.60609090909091,0.12272727272727274,1,1
DJ-13420,813,3,557.62,26.19025,0.0,1,2
DJ-13510,49,7,444.392,7.01385,0.06999999999999999,0,0
DJ-13630,13,3,509.9,13.4377,0.06666666666666667,2,2
DK-12835,22,10,978.072,10.422505555555555,0.1111111111111111,0,3
DK-12895,46,5,1053.0620000000001,13.5216875,0.125,0,0
DK-12985,8,3,261.068,18.257925,0.1,2,2
DK-13090,43,6,348.526,12.132622222222222,0.06666666666666668,2,0
DK-13150,11,2,109.188,12.051400000000001,0.13333333333333333,3,0
DK-13225,11,6,545.972,7.660458333333334,0.13333333333333333,3,0
DK-13375,157,5,837.91,11.199352941176471,0.06470588235294118,2,2
DL-12865,346,7,527.706,9.86061818181818,0.09090909090909091,0,0
DL-12925,58,4,423.8,13.597349999999999,0.0,2,2
DL-13315,23,7,944.598,14.266246153846156,0.09230769230769233,0,3
DL-13330,58,4,191.48000000000002,8.1992,0.05714285714285715,2,0
DL-13495,77,6,747.4399999999999,16.886555555555557,0.022222222222222223,2,2
DM-12955,115,6,526.626,6.1378375,0.1625,3,0
DM-13015,69,6,620.0540000000001,8.699127272727273,0.14545454545454548,3,0
DM-13345,23,7,601.696,15.85263,0.09,0,2
DM-13525,482,3,594.302,12.307575,0.125,1,1
DN-13690,374,5,531.63,13.314071428571427,0.028571428571428574,2,2
DO-13435,134,9,924.574,9.841741666666666,0.13333333333333333,0,3
DO-13645,27,6,772.3100000000001,13.680644444444445,0.08888888888888889,0,2
DP-13000,231,7,525.704,13.596391666666667,0.08333333333333333,0,2
DP-13105,7,7,543.922,7.319463636363636,0.09090909090909091,0,0
DP-13165,813,2,54.736,8.385,0.2,1,1
DP-13390,359,6,315.52,11.310811111111112,0.044444444444444446,2,2
DR-12880,4,8,1556.718,6.404061538461539,0.12307692307692308,0,3
DR-12940,453,4,649.6479999999999,18.42956666666667,0.06666666666666667,2,2
DS-13030,94,4,1358.283,12.20279375,0.109375,0,3
DS-13180,24,7,960.582,3.547571428571429,0.10714285714285714,0,3
DV-13045,20,5,397.608,-0.8979999999999999,0.1375,3,0
DV-13465,30,4,1062.914,11.204044444444444,0.06666666666666668,0,2
DW-13195,100,5,578.028,18.966566666666665,0.13333333333333333,2,2
DW-13480,218,5,552.196,20.797228571428573,0.028571428571428574,2,2
DW-13540,99,4,327.88800000000003,9.5686,0.125,3,0
DW-13585,243,5,343.672,7.947171428571429,0.14285714285714285,3,0
Dl-13600,120,3,95.232,8.3292,0.1,3,0
Dp-13240,85,9,792.9,11.86965,0.06666666666666668,0,3
EA-14035,153,8,521.7719999999999,9.384676923076922,0.19230769230769232,3,0
EB-13705,49,5,234.34400000000002,15.45126,0.2,3,0
EB-13750,36,7,1353.284,11.192352941176472,0.08823529411764706,0,3
EB-13840,91,3,870.02,14.638166666666669,0.06666666666666667,2,2
EB-13870,296,6,683.059,1.7458999999999998,0.25,3,0
EB-13930,435,4,399.92,17.60404,0.04,2,2
EB-13975,1,2,55.232,2.2048666666666663,0.20000000000000004,3,0
EB-14110,412,5,1612.622,5.796222222222222,0.16666666666666666,0,0
EB-14170,83,4,37.744,3.2148000000000003,0.2,3,0
EC-14050,54,4,456.43,16.7412,0.0,2,2
ED-13885,136,6,357.95,7.639530000000001,0.15,3,0
EG-13900,393,1,39.93,6.5565,0.0,2,2
EH-13765,343,10,1011.354,12.911663636363636,0.07272727272727274,0,3
EH-13945,218,6,587.746,11.13095,0.11666666666666668,0,0
EH-13990,406,4,348.004,4.955316666666667,0.06666666666666667,3,1
EH-14005,3,6,548.218,12.8735,0.15000000000000002,3,0
EH-14125,153,7,829.042,12.188927272727273,0.07272727272727274,0,3
EH-14185,106,4,314.474,15.757819999999999,0.12000000000000002,2,0
EJ-13720,303,4,1056.166,3.5342333333333342,0.13333333333333333,3,0
EJ-14155,58,3,341.28,29.875875,0.0,2,2
EK-13795,45,3,105.148,8.8722,0.06666666666666667,2,0
EL-13735,78,2,124.28,13.5577,0.0,2,2
EM-13810,133,3,73.81,8.269133333333334,0.06666666666666667,2,0
EM-13825,164,4,402.256,12.893711111111111,0.022222222222222223,2,2
EM-13960,152,4,357.912,14.166,0.1,2,0
EM-14065,48,3,27.442,2.7472666666666665,0.06666666666666667,3,0
EM-14095,114,4,546.072,10.193911111111111,0.1111111111111111,3,0
EM-14140,49,5,714.842,12.289760000000001,0.08000000000000002,2,2
EM-14200,159,3,366.822,5.443025,0.125,3,0
EN-13780,288,4,849.516,16.456699999999998,0.05,2,2
EP-13915,13,11,928.236,16.80066111111111,0.06666666666666668,0,3
ER-13855,422,3,184.112,10.372733333333334,0.13333333333333333,1,1
ES-14020,41,4,913.0,7.874083333333332,0.13333333333333333,3,0
ES-14080,29,7,1194.98,8.344261538461538,0.18461538461538465,0,0
FA-14230,406,6,1074.912,16.549536363636363,0.16363636363636364,0,1
FC-14245,71,6,748.0360000000001,10.92979,0.12000000000000002,0,0
FC-14335,185,6,640.784,8.260085714285713,0.2,3,0
FG-14260,35,6,684.562,13.7289125,0.07500000000000001,0,2
FH-14275,112,7,836.9019999999999,9.546061538461538,0.09230769230769233,0,3
FH-14350,213,4,572.41,16.921599999999998,0.044444444444444446,2,2
FH-14365,6,6,446.01800000000003,1.4744333333333335,0.06666666666666667,3,0
FM-14215,8,9,820.318,11.9184,0.07692307692307693,0,3
FM-14290,37,9,520.28,9.028771428571428,0.05714285714285715,0,3
FM-14380,146,8,1502.568,18.364988888888888,0.13333333333333336,0,3
FO-14305,39,8,384.422,7.389480000000001,0.14,3,0
FP-14320,24,8,827.9259999999999,14.62501,0.08,0,3
FW-14395,363,3,79.75,7.8304333333333345,0.0,2,2
GA-14515,150,7,707.244,17.38196,0.05,0,2
GA-14725,6,10,789.552,8.599488235294118,0.07941176470588236,0,3
GB-14530,63,11,981.586,11.67169375,0.1,0,3
GB-14575,663,3,562.218,16.68441,0.06000000000000001,1,2
GD-14590,6,3,59.623999999999995,6.51015,0.1,3,0
GG-14650,44,8,1619.278,9.337604761904762,0.09523809523809523,0,3
GH-14410,208,6,555.608,14.44658,0.06000000000000001,2,2
GH-14425,51,3,448.266,20.092116666666666,0.10000000000000002,2,2
GH-14665,3,2,146.94080000000002,-1.9367333333333336,0.24,3,0
GK-14620,113,7,1141.598,14.863655555555555,0.15555555555555556,0,0
GM-14440,84,5,654.652,11.879885714285715,0.1,2,2
GM-14455,17,4,640.8340000000001,20.778866666666666,0.10000000000000002,2,2
GM-14500,107,9,386.632,6.139763636363637,0.11818181818181818,0,0
GM-14680,570,3,591.544,15.6005,0.05714285714285715,1,2
GM-14695,467,2,291.58000000000004,14.528012499999999,0.025,2,2
GP-14740,766,1,191.62,16.941399999999998,0.0,1,2
GR-14560,1136,2,45.42,7.200800000000001,0.0,1,1
GT-14635,57,3,359.468,19.612225,0.15000000000000002,2,2
GT-14710,37,10,1466.684,12.971776190476191,0.10476190476190476,0,3
GT-14755,216,3,192.868,7.928266666666667,0.10000000000000002,3,0
GW-14605,155,5,901.4739999999999,17.169483333333336,0.06666666666666667,2,2
GZ-14470,8,8,917.96,13.614822222222223,0.1,0,3
GZ-14545,158,3,423.31199999999995,20.633399999999998,0.06666666666666667,2,2
HA-14905,112,3,215.20600000000002,11.274766666666666,0.06666666666666667,2,2
HA-14920,21,6,385.128,6.372736363636363,0.16363636363636364,3,0
HD-14785,770,3,128.46800000000002,9.7778,0.12000000000000002,1,1
HE-14800,13,3,475.43,13.9808375,0.0,2,2
HF-14995,22,6,1272.114,15.867293333333333,0.05333333333333334,0,2
HG-14845,55,4,509.152,5.7799000000000005,0.125,3,0
HG-14965,57,9,374.696,9.382945454545455,0.03636363636363637,0,3
HG-15025,7,5,569.244,16.532474999999998,0.1125,2,0
HH-15010,73,2,108.74799999999999,6.574679999999999,0.04,2,0
HJ-14875,127,5,358.1,16.442466666666665,0.10000000000000002,2,0
HK-14890,152,7,895.4300000000001,16.554033333333333,0.17777777777777778,0,0
HL-15040,89,4,164.548,7.534228571428572,0.028571428571428574,2,0
HM-14860,3,8,499.91,9.61979090909091,0.10909090909090911,0,3
HM-14980,248,4,232.316,11.146583333333332,0.16666666666666666,3,0
HP-14815,31,4,345.726,26.262325,0.1,2,2
HR-14770,14,4,452.088,6.104490909090909,0.05454545454545456,2,0
HR-14830,282,5,1297.417,6.78887,0.1,0,0
HW-14935,118,5,813.7199999999999,9.071208333333333,0.05000000000000001,2,2
HZ-14950,40,3,97.176,0.8480749999999998,0.1,3,0
IG-15085,72,2,116.624,12.8188,0.05,2,2
IL-15100,143,6,419.65599999999995,10.969733333333332,0.08888888888888889,2,0
IM-15055,410,3,72.67,10.2612,0.06666666666666667,2,1
IM-15070,420,4,734.932,11.128099999999998,0.11666666666666668,1,1
JA-15970,93,6,601.106,12.3338625,0.1,0,2
JB-15400,52,8,758.36,11.4155,0.1,0,3
JB-15925,738,2,150.528,7.65548,0.2,1,1
JB-16000,44,6,469.8188,7.473983333333333,0.08666666666666667,3,0
JB-16045,8,4,150.602,3.26958,0.12000000000000002,3,0
JC-15340,115,3,61.708,2.3233,0.06666666666666667,3,0
JC-15385,176,1,73.168,9.159600000000001,0.1,2,0
JC-15775,159,7,1589.883,8.251916666666666,0.1125,0,3
JC-16105,58,4,657.592,17.3484625,0.025,2,2
JD-15790,118,4,350.72,11.875583333333333,0.16666666666666666,3,0
JD-15895,395,10,1571.306,13.475807999999999,0.04800000000000001,0,3
JD-16015,113,6,369.208,5.5270375000000005,0.15000000000000002,3,0
JD-16060,301,2,238.55,6.7215,0.0,2,2
JD-16150,42,7,1633.2285,15.730283333333334,0.04583333333333334,0,3
JE-15475,194,6,605.5079999999999,14.58172,0.08,2,2
JE-15610,49,6,1205.074,16.587341666666667,0.08333333333333333,0,2
JE-15715,47,7,735.856,10.639866666666668,0.15555555555555556,0,0
JE-15745,52,10,1880.229,13.21935,0.08928571428571429,0,3
JE-16165,21,3,189.408,4.9164,0.05,2,0
JF-15190,66,7,1298.348,17.230833333333333,0.09333333333333334,0,3
JF-15295,226,5,760.772,10.286923076923076,0.1076923076923077,0,0
JF-15355,106,6,921.172,16.0217,0.07142857142857142,0,2
JF-15415,3,6,899.488,13.511546153846155,0.06153846153846154,0,2
JF-15490,122,11,1016.624,6.128092857142856,0.10714285714285714,0,3
JF-15565,55,6,940.186,13.849477777777777,0.14444444444444446,0,0
JG-15115,759,3,462.736,11.15596,0.2,1,1
JG-15160,2,7,1518.0439999999999,21.668290000000002,0.08,0,3
JG-15310,528,3,395.456,8.30608,0.16,1,1
JG-15805,224,6,282.718,6.969271428571429,0.08571428571428573,3,0
JH-15430,6,3,249.368,3.6427,0.25,3,0
JH-15820,175,6,528.91,3.2602749999999996,0.15000000000000002,3,0
JH-15910,217,6,740.402,14.7363125,0.1,0,2
JH-15985,30,4,696.7,17.788136363636365,0.05454545454545456,2,2
JH-16180,405,3,641.482,-6.024733333333335,0.23333333333333336,3,0
JJ-15445,484,4,107.678,8.7316,0.1,1,1
JJ-15760,754,2,195.0,11.483066666666668,0.06666666666666667,1,1
JK-15205,62,4,692.854,9.174222222222221,0.1111111111111111,3,0
JK-15325,288,3,383.812,13.831924999999998,0.1,2,1
JK-15370,45,7,1752.482,12.333526666666668,0.12000000000000001,0,3
JK-15625,62,6,588.3979999999999,14.740957142857143,0.1142857142857143,0,2
JK-15640,181,8,262.474,10.647811111111112,0.1111111111111111,0,0
JK-15730,93,6,604.402,17.613725,0.11875000000000001,0,2
JK-16090,90,2,365.396,15.144225,0.1,2,2
JK-16120,118,6,515.876,5.752427272727274,0.14545454545454548,3,0
JL-15130,9,6,276.35200000000003,4.75452,0.2,3,0
JL-15175,7,4,253.20299999999997,8.898340000000001,0.22000000000000003,3,0
JL-15235,120,3,305.008,4.8282799999999995,0.08,3,0
JL-15505,50,6,992.894,9.000386666666666,0.06666666666666667,0,3
JL-15835,22,10,1712.398,14.604816666666666,0.05833333333333334,0,3
JL-15850,615,4,229.632,7.277149999999999,0.2,1,1
JM-15250,38,5,1057.696,5.855018181818182,0.19090909090909092,3,0
JM-15265,38,5,257.664,9.95265,0.025,2,0
JM-15535,103,6,681.883,11.8879875,0.0875,0,2
JM-15580,1,5,303.948,16.160057142857145,0.1142857142857143,2,0
JM-15655,9,4,462.30199999999996,5.47449,0.1,3,0
JM-15865,395,4,484.17,5.075514285714285,0.14285714285714285,3,1
JM-16195,58,10,923.546,14.3946,0.07500000000000001,0,3
JO-15145,58,9,1132.404,15.247881818181817,0.07272727272727274,0,3
JO-15280,621,2,162.67600000000002,7.5968,0.08571428571428573,1,1
JO-15550,216,5,866.37,15.240225,0.125,0,2
JP-15460,38,7,494.446,15.743333333333334,0.08333333333333333,0,2
JP-15520,9,6,1602.376,19.161092307692307,0.057692307692307696,0,3
JP-16135,103,8,732.1129999999999,6.8927,0.13,0,0
JR-15670,738,1,14.04,1.5795,0.2,1,1
JR-16210,103,2,337.638,19.1223,0.1,2,2
JS-15595,120,3,89.73599999999999,1.2486499999999996,0.2,3,0
JS-15685,43,3,773.656,8.814222222222222,0.13333333333333336,3,0
JS-15880,657,3,507.58,9.678259999999998,0.144,1,1
JS-15940,464,3,193.68,0.2729200000000002,0.16,3,0
JS-16030,73,5,476.472,9.60492,0.1,2,0
JW-15220,43,5,372.248,8.591377777777778,0.044444444444444446,2,0
JW-15955,6,7,638.1659999999999,11.034577777777777,0.044444444444444446,0,0
JW-16075,462,2,105.264,6.7930666666666655,0.13333333333333333,1,1
KA-16525,37,4,594.788,8.586771428571428,0.028571428571428574,2,2
KB-16240,5,6,603.476,10.657733333333333,0.13333333333333333,3,0
KB-16315,297,9,745.056,5.106541176470588,0.09411764705882353,0,3
KB-16405,118,3,489.42100000000005,9.123125,0.05,2,2
KB-16585,231,11,1280.958,13.8958,0.08,0,3
KB-16600,22,4,132.48000000000002,9.551549999999999,0.05,2,0
KC-16255,560,5,436.194,18.7912125,0.025,2,2
KC-16540,98,3,558.596,25.774933333333333,0.06666666666666667,2,2
KC-16675,58,4,797.75,5.7027,0.12000000000000002,3,0
KD-16270,485,5,722.4159999999999,13.8156,0.08888888888888889,2,1
KD-16345,42,6,412.178,14.18597142857143,0.1142857142857143,2,0
KD-16495,113,11,1324.044,12.317954545454546,0.06136363636363637,0,3
KD-16615,290,5,733.42,22.051475,0.15000000000000002,2,2
KE-16420,27,8,738.5652,9.88617,0.152,0,0
KF-16285,98,6,729.4300000000001,9.591833333333334,0.0,2,0
KH-16330,41,8,605.002,9.351946153846153,0.09230769230769233,0,3
KH-16360,2,6,170.406,7.2108375,0.1,3,0
KH-16510,23,6,779.728,12.2846625,0.0625,0,2
KH-16630,59,9,543.346,12.28306923076923,0.12307692307692308,0,3
KH-16690,199,6,786.178,17.772066666666667,0.1111111111111111,0,2
KL-16555,17,6,789.924,4.6269100000000005,0.17,3,0
KL-16645,48,10,1300.226,15.9433,0.1,0,3
KM-16225,15,6,960.548,17.10163125,0.025,0,2
KM-16375,57,8,1152.094,10.907258333333333,0.11666666666666668,0,3
KM-16660,16,5,453.538,10.126566666666667,0.044444444444444446,2,0
KM-16720,29,8,1738.626,10.808436363636362,0.09545454545454546,0,3
KN-16390,20,9,790.368,15.031490909090907,0.09090909090909091,0,3
KN-16450,735,2,772.875,7.562975,0.1375,1,1
KN-16705,99,8,845.746,13.025408333333333,0.08333333333333333,0,3
KS-16300,296,3,75.38,3.382733333333333,0.13333333333333333,3,1
KT-16465,392,7,443.154,11.786622222222222,0.15555555555555556,3,0
KT-16480,101,7,484.7644,10.0483375,0.065,0,2
KW-16435,97,4,257.132,14.467383333333332,0.03333333333333333,2,2
KW-16570,772,4,449.096,21.5854,0.04,1,2
LA-16780,155,7,1395.7440000000001,16.13775,0.11666666666666668,0,3
LB-16735,49,2,48.2,10.046,0.1,2,0
LB-16795,153,6,1110.31,8.6176,0.0923076923076923,0,3
LC-16870,28,7,1323.404,4.849804761904762,0.14285714285714285,0,3
LC-16885,45,9,1306.6699999999998,13.53134375,0.07500000000000001,0,3
LC-16930,42,7,1071.8300000000002,11.484466666666668,0.15833333333333335,0,0
LC-16960,437,3,531.332,15.324449999999999,0.1,2,1
LC-17050,113,3,638.898,0.5680399999999995,0.15,3,0
LC-17140,14,7,468.92999999999995,3.643953846153846,0.13076923076923078,3,0
LD-16855,553,1,5.304,0.4641,0.2,1,1
LD-17005,419,3,308.414,23.90336,0.04,2,2
LE-16810,22,4,626.452,13.95874,0.08,2,2
LF-17185,23,6,733.946,7.8854375,0.07500000000000001,0,0
LH-16750,152,2,280.856,8.83235,0.2,3,0
LH-16900,22,7,1139.11,20.387263636363638,0.10909090909090911,0,3
LH-17020,240,3,167.512,-1.0322666666666664,0.20000000000000004,3,0
LH-17155,386,9,1056.829,11.5685125,0.08125,0,3
LL-16840,250,6,178.834,8.561675000000001,0.025,2,2
LM-17065,392,4,476.038,9.37924,0.04,2,2
LO-17170,3,4,384.30199999999996,11.04104,0.06,2,2
LP-17080,41,4,756.606,12.309033333333334,0.1111111111111111,2,2
LP-17095,10,6,1264.324,9.997290909090909,0.1272727272727273,0,3
LR-16915,385,5,854.2520000000001,14.794055555555556,0.08888888888888889,2,1
LR-17035,133,3,298.34,14.057733333333333,0.06666666666666667,2,2
LS-16945,179,5,163.692,6.9495000000000005,0.10000000000000002,3,0
LS-16975,21,7,694.652,6.820615384615385,0.12307692307692308,0,0
LS-17200,97,5,237.37199999999999,6.43086,0.12000000000000002,3,0
LS-17230,778,3,368.88000000000005,6.532533333333333,0.11666666666666665,1,1
LS-17245,35,5,374.718,14.374333333333333,0.08888888888888889,2,0
LT-16765,27,3,329.876,19.67866666666667,0.13333333333333333,2,2
LT-17110,108,6,757.038,21.526975,0.125,0,2
LW-16825,89,4,366.157,5.0770888888888885,0.16666666666666666,3,0
LW-16990,47,4,933.7379999999999,13.966800000000001,0.17142857142857146,3,0
LW-17125,206,3,228.28,15.240533333333332,0.0,2,2
LW-17215,22,5,476.60999999999996,11.393075,0.07500000000000001,2,0
MA-17560,65,10,1334.923,11.700083333333334,0.06666666666666667,0,3
MA-17995,187,5,850.148,16.41692727272727,0.02727272727272728,2,2
MB-17305,49,8,604.616,4.283028571428571,0.15714285714285717,3,0
MB-18085,45,6,208.566,10.6636,0.13333333333333333,3,0
MC-17275,77,7,925.776,10.519066666666667,0.08888888888888889,0,3
MC-17425,400,3,662.61,30.28794285714286,0.05714285714285715,2,2
MC-17575,28,6,1022.938,18.206414285714285,0.14285714285714285,0,0
MC-17590,52,6,593.904,10.782376923076924,0.1076923076923077,0,2
MC-17605,236,6,1185.86,11.660307692307693,0.16923076923076924,0,0
MC-17635,190,4,612.16,10.328,0.08571428571428573,2,0
MC-17845,2,5,589.52,14.091675,0.07500000000000001,2,2
MC-18100,42,9,634.956,-1.414291666666667,0.16666666666666666,3,0
MC-18130,370,5,679.286,8.790479999999999,0.04,2,2
MD-17350,118,5,314.14,3.533885714285714,0.19999999999999998,3,0
MD-17860,124,3,178.462,12.079875000000001,0.1,2,0
ME-17320,43,7,464.128,11.056189999999999,0.02,2,0
ME-17725,31,6,448.906,14.215124999999999,0.1,2,0
ME-18010,93,4,455.376,11.45248,0.16,3,0
MF-17665,422,3,188.00400000000002,9.891,0.06666666666666667,2,1
MF-18250,8,5,712.382,10.405675,0.07500000000000001,2,2
MG-17650,30,5,579.69,9.588522222222222,0.08888888888888889,2,0
MG-17680,93,4,268.326,1.1799142857142857,0.21428571428571427,3,0
MG-17695,937,2,136.84799999999998,5.17335,0.2,1,1
MG-17875,831,2,87.316,9.642766666666667,0.06666666666666667,1,1
MG-17890,100,8,630.398,10.309727272727272,0.08636363636363636,0,3
MG-18145,85,3,259.8,9.2805,0.2,3,0
MG-18205,265,1,12.32,1.848,0.2,3,0
MH-17290,120,5,339.452,12.103275,0.1,2,0
MH-17440,377,4,400.016,6.825399999999999,0.07777777777777778,2,1
MH-17455,86,7,1031.2820000000002,12.854830000000002,0.18,0,0
MH-17620,156,3,100.384,8.4271,0.1,3,0
MH-17785,99,6,768.918,14.621925000000001,0.07500000000000001,0,2
MH-18025,50,4,212.172,8.2388,0.05000000000000001,2,0
MH-18115,6,6,853.8,15.613015384615384,0.09230769230769233,0,2
MJ-17740,23,6,603.866,12.71625,0.16,3,0
MK-17905,29,6,728.7860000000001,11.238336363636364,0.1272727272727273,0,0
MK-18160,241,4,455.35,7.31171111111111,0.022222222222222223,2,2
ML-17395,70,8,1475.674,16.51396923076923,0.10384615384615385,0,3
ML-17410,55,6,374.80600000000004,10.94591111111111,0.08888888888888889,2,0
ML-17755,50,5,369.594,14.28409,0.1,2,0
ML-18040,80,2,140.712,26.535600000000002,0.1,2,2
ML-18265,101,2,162.232,14.2216,0.06666666666666667,2,2
MM-17260,169,3,234.83800000000002,11.809966666666666,0.06666666666666667,2,2
MM-17920,8,10,508.326,10.3532,0.09090909090909091,0,3
MM-18055,62,6,942.3979999999999,9.610446153846153,0.1,0,3
MM-18280,86,8,708.22,10.036999999999999,0.09090909090909091,0,3
MN-17935,35,5,192.924,12.34044,0.12000000000000002,2,0
MO-17500,453,3,108.86,12.202399999999999,0.13333333333333333,1,1
MO-17800,105,7,623.2439999999999,14.274742857142856,0.05714285714285715,0,2
MO-17950,181,2,122.096,-0.5091333333333333,0.20000000000000004,3,0
MP-17470,720,6,493.52,12.85655,0.1125,1,1
MP-17965,73,5,910.678,4.8397,0.17500000000000002,3,0
MP-18175,17,6,765.523,16.51053,0.11500000000000002,0,2
MR-17545,126,3,283.528,18.38625,0.1,2,2
MS-17365,274,9,1095.512,13.47570625,0.09375,0,3
MS-17530,435,4,463.84799999999996,15.447666666666665,0.06666666666666667,2,2
MS-17710,414,6,722.784,9.391463636363637,0.14545454545454548,3,0
MS-17770,122,8,739.944,12.060323076923076,0.04615384615384616,0,3
MS-17830,453,4,370.348,3.8862399999999995,0.18,3,0
MS-17980,27,6,599.148,8.40224,0.17,3,0
MT-17815,50,5,155.758,6.962828571428571,0.08571428571428573,3,0
MT-18070,204,3,498.43600000000004,16.349185714285714,0.08571428571428573,2,2
MV-17485,645,4,209.6,7.2095142857142855,0.08571428571428573,1,1
MV-18190,20,6,650.806,8.86042222222222,0.08333333333333333,0,0
MW-18220,18,5,417.616,11.0076,0.08571428571428573,2,0
MY-17380,30,6,373.856,12.969683333333334,0.16666666666666666,3,0
MY-18295,72,8,649.7800000000001,5.392669230769231,0.12307692307692308,0,0
MZ-17335,31,4,221.63600000000002,3.6129,0.08,3,0
MZ-17515,283,5,509.162,8.34165,0.06666666666666667,2,2
NB-18580,1166,2,273.87199999999996,12.394400000000001,0.1,1,1
NB-18655,20,6,709.308,12.373081818181818,0.09090909090909091,0,2
NC-18340,225,5,512.588,7.205264285714286,0.042857142857142864,2,2
NC-18415,42,5,497.76,12.531581818181818,0.16363636363636364,3,0
NC-18535,7,5,524.704,13.2042,0.07500000000000001,2,2
NC-18625,266,4,335.636,13.5906,0.13333333333333333,2,0
ND-18370,28,6,354.298,9.481444444444444,0.08888888888888889,2,0
ND-18460,226,3,386.6,24.546979999999998,0.0,2,2
NF-18385,168,5,454.568,8.01904,0.2,3,0
NF-18475,1187,2,95.76599999999999,15.9348,0.1,1,1
NF-18595,115,5,465.476,14.677611111111112,0.13333333333333336,2,0
NG-18355,135,4,578.548,13.30635,0.08333333333333333,2,2
NG-18430,49,4,152.874,10.041616666666668,0.10000000000000002,2,0
NH-18610,190,5,460.96999999999997,19.431371428571428,0.08571428571428573,2,2
NK-18490,71,7,572.048,11.019790909090908,0.1272727272727273,0,0
NL-18310,59,4,827.738,15.22387777777778,0.044444444444444446,2,2
NM-18445,161,7,453.004,12.5306375,0.0625,2,2
NM-18520,245,6,145.744,6.266114285714286,0.08571428571428573,3,0
NP-18325,26,5,1108.606,17.153958333333335,0.03333333333333333,0,2
NP-18670,59,4,269.652,9.747957142857144,0.028571428571428574,2,0
NP-18685,407,4,221.33800000000002,13.984539999999999,0.12000000000000002,2,1
NP-18700,139,4,797.9265,15.6426,0.125,2,2
NR-18550,211,2,724.164,1.8923857142857143,0.17142857142857146,3,0
NS-18505,7,4,1017.032,6.971875,0.20000000000000004,3,0
NS-18640,175,12,1765.706,10.855585000000001,0.14,0,3
NW-18400,173,6,1067.6879999999999,14.7116,0.1,0,2
NZ-18565,86,8,467.84400000000005,9.024661538461539,0.09230769230769233,0,3
ON-18715,660,8,517.556,9.579254545454546,0.10909090909090911,1,1
OT-18730,188,3,146.34,6.96855,0.05,2,0
PA-19060,104,4,283.824,27.3869,0.1,2,2
PB-18805,26,3,567.604,18.751388888888886,0.1111111111111111,2,2
PB-19105,58,3,83.668,3.522075,0.1,3,0
PB-19150,626,7,792.3,12.862511111111111,0.15555555555555556,1,1
PB-19210,689,2,132.738,10.948500000000001,0.1,1,1
PC-18745,399,2,257.388,25.663,0.06666666666666667,2,2
PC-19000,883,2,56.512,-4.2328,0.1,1,1
PF-19120,836,4,1021.458,11.675975000000001,0.075,1,1
PF-19165,197,4,291.27,13.842866666666668,0.0,2,2
PF-19225,115,5,887.064,23.95655,0.05,2,2
PG-18820,37,10,1055.748,14.006283333333334,0.06666666666666668,0,3
PG-18895,58,8,550.398,10.719941666666665,0.06666666666666667,0,3
PH-18790,71,1,45.696,5.1408,0.2,3,0
PJ-18835,40,8,393.98,9.99605,0.08333333333333333,0,3
PJ-19015,135,7,424.304,9.003111111111112,0.08888888888888889,0,0
PK-18910,1367,1,18.9,9.072,0.0,1,1
PK-19075,10,10,1236.39,13.69626,0.065,0,3
PL-18925,16,5,197.994,5.118266666666667,0.10000000000000002,3,0
PM-18940,1077,2,348.54200000000003,-0.2174000000000008,0.19999999999999998,1,1
PM-19135,52,4,313.41999999999996,20.848200000000002,0.1,2,2
PN-18775,31,7,903.212,6.604299999999999,0.13333333333333333,0,0
PO-18850,5,9,859.122,10.2700125,0.15000000000000002,0,3
PO-18865,1,6,1107.162,15.7184375,0.05,0,2
PO-19180,249,6,573.46,13.82799,0.06000000000000001,2,2
PO-19195,87,4,331.23,10.257216666666666,0.10000000000000002,2,0
PP-18955,98,9,1773.67,10.579752380952382,0.1,0,3
PR-18880,37,5,1067.93,16.423579999999998,0.12000000000000002,0,0
PS-18760,108,6,932.032,8.941115384615385,0.06923076923076923,0,3
PS-18970,70,8,1090.879,10.127358333333333,0.05833333333333333,0,3
PS-19045,271,6,748.3180000000001,14.162700000000001,0.022222222222222223,2,2
PT-19090,72,2,153.28,-1.72852,0.2,3,0
PV-18985,90,4,298.228,10.71094,0.08,2,2
PW-19030,47,7,649.766,15.432725,0.0625,0,2
PW-19240,465,4,564.7620000000001,8.628285714285715,0.09999999999999999,1,1
QJ-19255,388,6,435.41200000000003,15.323871428571428,0.07142857142857142,2,2
RA-19285,6,8,459.562,3.5582333333333334,0.13333333333333333,3,0
RA-19885,44,5,324.10799999999995,11.706477777777778,0.044444444444444446,2,0
RA-19915,13,9,970.419,15.421491666666666,0.1125,0,3
RA-19945,62,3,109.488,6.4434000000000005,0.20000000000000004,3,0
RB-19330,69,2,81.368,1.0068333333333335,0.20000000000000004,3,0
RB-19360,97,6,842.222,12.900879999999999,0.06666666666666667,0,2
RB-19435,20,6,296.16,12.721344444444444,0.0,2,0
RB-19465,10,9,1156.666,13.025012499999999,0.1,0,3
RB-19570,26,4,498.202,13.5936375,0.1125,2,0
RB-19645,649,5,221.084,10.382714285714286,0.14285714285714285,1,1
RB-19705,108,2,117.45,6.611233333333334,0.0,2,2
RB-19795,33,6,305.198,14.8326,0.1,2,0
RC-19825,370,6,966.409,6.399140000000001,0.11000000000000001,0,0
RC-19960,111,6,610.262,18.13671,0.14,0,2
RD-19480,73,7,814.6220000000001,14.215863636363638,0.1272727272727273,0,0
RD-19585,181,8,1431.036,18.8124375,0.025,0,3
RD-19660,465,2,57.260000000000005,2.8882,0.1,1,1
RD-19720,277,9,1399.304,12.333505555555554,0.09722222222222222,0,3
RD-19810,15,7,540.588,11.474158333333333,0.11666666666666668,0,0
RD-19900,115,9,700.28,11.599023529411765,0.03529411764705883,0,3
RD-19930,43,3,313.418,2.595014285714286,0.21428571428571427,3,0
RE-19405,1098,1,48.36,6.045,0.2,1,1
RE-19450,303,4,379.61199999999997,14.218699999999998,0.10000000000000002,2,1
RF-19345,391,7,419.464,9.152811111111113,0.08888888888888889,2,0
RF-19735,90,6,606.4359999999999,17.6467625,0.025,2,2
RF-19840,7,7,240.352,8.6367,0.028571428571428574,2,0
RH-19495,33,5,220.944,15.413066666666666,0.06666666666666667,2,2
RH-19510,468,5,440.25,10.071128571428572,0.0,2,2
RH-19600,535,3,1211.564,15.8569625,0.1125,1,1
RK-19300,120,3,628.992,20.715428571428568,0.08571428571428573,2,2
RL-19615,177,7,1156.998,8.965235714285715,0.13214285714285715,0,0
RM-19375,346,4,339.984,13.013449999999999,0.06666666666666667,2,2
RM-19675,7,4,372.50399999999996,18.890166666666666,0.05000000000000001,2,2
RM-19750,300,1,98.35,14.34395,0.0,2,2
RO-19780,36,6,585.304,16.683685714285712,0.14285714285714285,0,2
RP-19270,497,4,432.486,12.694355555555555,0.13333333333333336,1,1
RP-19390,34,9,508.15999999999997,9.7843125,0.0625,0,3
RP-19855,29,5,468.876,10.57395,0.07500000000000001,2,0
RR-19315,20,2,17.748,3.5487,0.1,3,0
RR-19525,171,6,663.712,16.208666666666666,0.10000000000000002,0,2
RS-19420,77,4,322.02,16.8805,0.0,2,2
RS-19765,37,3,212.64399999999998,19.537525,0.15000000000000002,2,2
RS-19870,20,2,22.328,3.1946,0.06666666666666667,3,0
RW-19540,121,7,1354.1680000000001,18.695935714285714,0.09285714285714286,0,3
RW-19630,90,8,397.558,10.691409090909092,0.09090909090909091,0,3
RW-19690,80,4,558.114,8.01629,0.02,2,2
SA-20830,64,9,365.424,10.568146153846154,0.12307692307692308,0,3
SB-20170,202,3,465.192,10.54744,0.08,2,0
SB-20185,189,6,728.55,9.6606375,0.1,0,0
SB-20290,48,5,519.5260000000001,8.9709,0.12000000000000002,3,0
SC-20020,1147,3,577.5776,5.6006599999999995,0.132,1,1
SC-20050,41,6,802.464,12.908,0.1111111111111111,0,0
SC-20095,350,8,2038.724,14.992422222222224,0.06666666666666668,0,3
SC-20230,150,4,366.292,7.4944749999999996,0.1,3,0
SC-20260,188,7,517.424,15.906327272727275,0.09090909090909091,0,2
SC-20305,30,3,151.72,11.92032,0.12000000000000002,2,0
SC-20380,105,7,984.94,12.40471818181818,0.1,0,3
SC-20440,37,6,398.24,5.2953,0.20000000000000004,3,0
SC-20575,93,3,239.50600000000003,27.214766666666666,0.06666666666666667,2,2
SC-20680,127,5,322.78,17.098766666666666,0.0,2,2
SC-20695,385,5,513.87,18.614285714285717,0.05714285714285715,2,2
SC-20725,285,7,569.6,11.135685714285714,0.1142857142857143,0,0
SC-20770,42,7,1095.586,17.9332,0.16666666666666666,0,0
SC-20800,31,4,279.25600000000003,10.36504,0.12000000000000002,3,0
SC-20845,132,2,280.632,7.793925,0.2,3,0
SD-20485,201,9,1330.362,11.789125,0.08125,0,3
SE-20110,10,9,714.816,16.35203846153846,0.06153846153846154,0,3
SF-20065,60,7,318.94599999999997,8.66232857142857,0.1285714285714286,3,0
SF-20200,60,8,428.822,7.490966666666666,0.10000000000000002,0,3
SF-20965,49,6,507.922,13.044588888888889,0.15555555555555556,3,0
SG-20080,746,2,872.9590000000001,10.2399,0.04375,1,1
SG-20470,821,6,644.518,12.37689,0.030000000000000006,1,1
SG-20605,109,6,720.962,13.324145454545453,0.10909090909090911,0,2
SG-20890,227,3,39.076,3.4136,0.13333333333333333,3,1
SH-19975,30,12,1845.7835,12.30625,0.10681818181818183,0,3
SH-20395,24,8,443.582,12.741844444444446,0.08888888888888889,0,3
SJ-20125,105,10,694.246,12.371126666666667,0.12000000000000001,0,3
SJ-20215,30,5,1311.084,-0.4135857142857144,0.2285714285714286,3,0
SJ-20500,395,3,341.192,24.489075,0.05,2,2
SK-19990,252,2,251.81,25.204133333333335,0.0,2,2
SL-20155,96,4,142.494,5.18324,0.12000000000000002,3,0
SM-20005,556,3,167.006,15.847024999999999,0.1,1,1
SM-20320,80,4,294.15999999999997,6.39361,0.18,3,0
SM-20905,607,1,190.488,15.760033333333332,0.20000000000000004,1,1
SM-20950,26,9,671.932,10.988100000000001,0.10714285714285714,0,3
SN-20560,328,5,505.622,15.928300000000002,0.04,2,2
SN-20710,80,7,1733.02,11.222646666666666,0.12666666666666665,0,3
SO-20335,30,5,950.798,9.251763636363636,0.11818181818181818,0,0
SP-20545,328,6,984.986,1.3417285714285718,0.14285714285714285,3,0
SP-20620,48,8,1196.786,11.488026666666666,0.13333333333333333,0,3
SP-20650,504,7,1068.68,25.769327272727274,0.06363636363636364,0,3
SP-20860,80,8,843.546,4.279529411764706,0.14117647058823532,0,0
SP-20920,290,5,949.628,10.160219999999999,0.17,3,0
SR-20425,9,3,272.596,25.2392,0.06666666666666667,2,2
SR-20740,197,7,561.986,14.390139999999999,0.04,2,2
SS-20140,16,8,626.9540000000001,11.037176470588236,0.058823529411764705,0,3
SS-20410,111,5,171.68,-0.556666666666667,0.10000000000000002,3,0
SS-20515,492,3,198.45,18.356325,0.0,2,2
SS-20590,485,5,218.5,6.19305,0.0,2,2
SS-20875,121,5,467.644,6.284772727272728,0.14545454545454548,3,0
ST-20530,126,7,433.34000000000003,7.036825,0.20000000000000004,3,0
SU-20665,21,6,882.61,6.206026666666667,0.14666666666666667,3,0
SV-20365,102,7,1267.269,8.589385,0.1,0,3
SV-20785,321,7,1054.782,10.15799375,0.1125,0,0
SV-20815,77,4,319.818,20.7089,0.1,2,2
SV-20935,3,4,371.646,15.403285714285714,0.08571428571428573,2,2
SW-20245,309,5,632.4159999999999,-0.5681666666666668,0.15,3,0
SW-20275,31,5,273.44,17.61032,0.04,2,2
SW-20350,163,3,256.65,12.148433333333331,0.06666666666666667,2,2
SW-20455,163,4,505.772,19.254166666666666,0.10000000000000002,2,2
SW-20755,535,2,179.56,6.646285714285715,0.08571428571428573,1,1
SZ-20035,57,8,865.057,9.412008333333334,0.15833333333333335,0,3
TA-21385,70,3,579.82,10.39505,0.0,2,2
TB-21055,120,5,989.5310000000001,13.627066666666668,0.06666666666666667,0,2
TB-21175,59,4,363.466,2.100911111111111,0.1111111111111111,3,0
TB-21190,50,3,48.96,5.6788,0.0,2,2
TB-21250,350,7,491.732,5.765121428571428,0.15714285714285717,3,0
TB-21280,584,4,284.804,11.462674999999999,0.05,1,1
TB-21355,147,5,417.448,12.59461818181818,0.07272727272727274,2,0
TB-21400,203,6,926.35,15.320385714285715,0.07142857142857142,0,2
TB-21520,108,9,1217.21,14.326686666666665,0.14666666666666667,0,3
TB-21595,286,2,149.598,6.499099999999999,0.13333333333333333,3,1
TB-21625,44,5,358.11,11.229975,0.0,2,0
TC-20980,400,5,292.242,13.7718875,0.07500000000000001,2,2
TC-21145,107,1,129.35999999999999,9.48,0.0,2,2
TC-21295,48,4,835.542,18.41772,0.04,2,2
TC-21475,381,5,343.048,9.850566666666667,0.10000000000000002,2,1
TC-21535,24,6,349.456,10.994150000000001,0.05,2,0
TD-20995,38,8,395.876,4.884408333333334,0.11666666666666668,3,0
TG-21310,338,4,641.1,21.46064,0.16,2,2
TG-21640,115,4,420.448,17.70165,0.06666666666666667,2,2
TH-21100,345,5,316.528,13.9779,0.12000000000000002,2,1
TH-21115,59,3,56.384,3.2937399999999997,0.12000000000000002,3,0
TH-21235,118,7,911.768,11.633936363636364,0.14545454545454548,0,0
TH-21550,132,5,646.7479999999999,22.1014,0.025,2,2
TM-21010,104,6,433.15999999999997,10.314264285714286,0.0,2,0
TM-21490,131,2,224.89800000000002,3.3227,0.1,3,0
TN-21040,91,5,651.824,12.243114285714285,0.1142857142857143,2,2
TP-21130,9,7,318.108,8.682025,0.07500000000000001,2,0
TP-21415,105,2,140.944,11.174199999999999,0.1,2,0
TP-21565,351,3,619.024,5.459185714285714,0.2,3,0
TR-21325,194,4,157.572,13.52748,0.04,2,2
TS-21160,505,5,929.8620000000001,1.1100454545454546,0.13636363636363635,3,0
TS-21205,199,7,974.688,15.724823076923078,0.1076923076923077,0,2
TS-21340,227,4,305.0,13.3301625,0.15000000000000002,3,0
TS-21370,37,3,950.6659999999999,14.87842857142857,0.042857142857142864,2,2
TS-21430,173,4,164.34,7.8705799999999995,0.12000000000000002,3,0
TS-21505,12,6,707.04,5.81863,0.16,3,0
TS-21610,56,4,340.46799999999996,16.3183,0.15000000000000002,2,0
TS-21655,239,5,759.316,21.297671428571427,0.08571428571428573,2,2
TT-21070,32,7,1111.914,13.355799999999999,0.12000000000000002,0,0
TT-21220,595,4,292.292,5.697733333333334,0.15555555555555556,1,1
TT-21265,407,2,116.4,16.2636,0.0,2,2
TT-21460,13,6,215.696,8.5575,0.1,3,0
TW-21025,65,6,950.594,7.2074,0.1,0,3
TZ-21580,36,4,97.422,6.275883333333334,0.03333333333333333,2,0
VB-21745,55,5,241.524,8.389966666666666,0.11666666666666668,3,0
VD-21670,582,5,1607.626,19.746311111111112,0.08888888888888889,0,3
VF-21715,14,5,213.828,7.583920000000001,0.04,2,0
VG-21790,155,6,846.01,17.95335,0.07500000000000001,0,2
VG-21805,287,4,95.836,6.110200000000001,0.08,3,1
VM-21685,55,6,500.14,12.73937,0.1,2,0
VM-21835,118,5,210.774,13.478483333333331,0.03333333333333333,2,2
VP-21730,31,3,447.842,10.3927,0.05,2,2
VP-21760,76,5,614.95,9.89215,0.1,2,0
VS-21820,222,2,327.688,3.4690333333333334,0.20000000000000004,3,0
VT-21700,1001,2,262.774,8.316460000000001,0.28,1,1
VW-21775,29,7,702.272,6.044063636363637,0.09090909090909091,0,0
WB-21850,21,10,1764.454,15.023016666666669,0.10000000000000002,0,3
XP-21865,44,11,1552.412,10.446299999999999,0.05000000000000001,0,3
YC-21895,481,3,569.364,20.166680000000003,0.08,2,2
YS-21880,135,5,1024.992,24.675685714285716,0.028571428571428574,2,2
ZC-21910,55,10,916.384,3.6470875,0.125,0,3
ZD-21925,203,5,410.024,10.407485714285713,0.1142857142857143,3,0
